Time,Open,High,Low,Close,Volume,MACD,MACDh,MACDs,lenght_v,vector_sig,MACD_sig,SIG
2023-10-25 10:45:00,11.215,11.239,11.133,11.169,258970.0,,,,,0,0,0
2023-10-25 11:00:00,11.171,11.287,11.133,11.203,385985.0,,,,,0,0,0
2023-10-25 11:15:00,11.202,11.245,11.115,11.169,352402.0,,,,,0,0,0
2023-10-25 11:30:00,11.168,11.217,11.143,11.177,194345.0,,,,,0,0,0
2023-10-25 11:45:00,11.176,11.191,11.111,11.184,281768.0,,,,,0,0,0
2023-10-25 12:00:00,11.183,11.24,11.137,11.192,335981.0,,,,,0,0,0
2023-10-25 12:15:00,11.192,11.287,11.075,11.101,618456.0,,,,,0,0,0
2023-10-25 12:30:00,11.099,11.154,11.013,11.142,528285.0,,,,,0,0,0
2023-10-25 12:45:00,11.136,11.179,11.073,11.133,211007.0,,,,,0,0,0
2023-10-25 13:00:00,11.133,11.136,11.048,11.084,274839.0,,,,,0,0,0
2023-10-25 13:15:00,11.081,11.165,10.971,11.001,422714.0,,,,,0,0,0
2023-10-25 13:30:00,11.002,11.041,10.902,10.961,598109.0,,,,,0,0,0
2023-10-25 13:45:00,10.96,11.093,10.95,11.072,436100.0,,,,,0,0,0
2023-10-25 14:00:00,11.071,11.08,11.008,11.062,445665.0,,,,,0,0,0
2023-10-25 14:15:00,11.062,11.159,11.042,11.143,642713.0,,,,,0,0,0
2023-10-25 14:30:00,11.141,11.206,11.073,11.124,711832.0,,,,,0,0,0
2023-10-25 14:45:00,11.123,11.172,11.097,11.139,183073.0,,,,,0,0,0
2023-10-25 15:00:00,11.136,11.241,11.099,11.121,500571.0,,,,,0,0,0
2023-10-25 15:15:00,11.122,11.242,11.113,11.207,345905.0,,,,,0,0,0
2023-10-25 15:30:00,11.206,11.54,11.206,11.522,1474209.0,,,,,0,0,0
2023-10-25 15:45:00,11.522,11.797,11.343,11.344,1537154.0,,,,,0,0,0
2023-10-25 16:00:00,11.343,11.397,11.177,11.33,1121120.0,,,,,0,0,0
2023-10-25 16:15:00,11.331,11.331,10.988,11.0,911589.0,,,,,0,0,0
2023-10-25 16:30:00,11.001,11.137,10.959,11.093,678353.0,,,,,0,0,0
2023-10-25 16:45:00,11.095,11.126,10.981,10.995,345061.0,,,,,0,0,0
2023-10-25 17:00:00,10.996,11.094,10.942,11.054,401135.0,-0.005436422345072245,,,,0,0,0
2023-10-25 17:15:00,11.053,11.073,10.987,11.043,259076.0,-0.012589530281465144,,,1.000025583149326,0,0,0
2023-10-25 17:30:00,11.044,11.101,10.963,11.0,244945.0,-0.021480546125857813,,,1.0000395243002875,TRUE,0,0
2023-10-25 17:45:00,10.998,11.047,10.967,11.009,165934.0,-0.027483700464049576,,,1.000018018768666,0,0,0
2023-10-25 18:00:00,11.01,11.048,10.99,11.032,174977.0,-0.030039064114037117,,,1.000003264936362,0,0,0
2023-10-25 18:15:00,11.029,11.094,11.009,11.033,134812.0,-0.03161903205503691,,,1.0000012481485683,0,0,0
2023-10-25 18:30:00,11.033,11.113,11.016,11.09,121782.0,-0.027949559278839686,,,1.0000067324925643,0,LONG,0
2023-10-25 18:45:00,11.09,11.173,11.066,11.159,122768.0,-0.019251829220237937,,,1.0000378245387382,0,0,0
2023-10-25 19:00:00,11.159,11.208,11.115,11.182,140270.0,-0.010383216448166976,0.01030932803325118,-0.020692544481418156,1.000039325373008,TRUE,0,0
2023-10-25 19:15:00,11.185,11.205,11.135,11.201,121293.0,-0.001800876339586921,0.015113334513464988,-0.01691421085305191,1.0000368276027336,0,0,0
2023-10-25 19:30:00,11.203,11.223,11.119,11.127,91778.0,-0.0009594317948025122,0.012763823246599519,-0.013723255041402031,1.0000003540143982,0,0,0
2023-10-25 19:45:00,11.127,11.204,11.12,11.168,112323.0,0.002981408595493562,0.013363730909516477,-0.010382322314022915,1.000002044193002,0,0,0
2023-10-25 20:00:00,11.167,11.18,11.117,11.145,102760.0,0.004200227606746765,0.011666039936615743,-0.007465812329868979,1.0000007427596154,0,0,0
2023-10-25 20:15:00,11.146,11.158,11.072,11.084,151471.0,0.00024118007873319414,0.006165593926881739,-0.005924413848148545,1.0000078369979553,0,SHORT,0
2023-10-25 20:30:00,11.084,11.111,11.051,11.105,78901.0,-0.0011881726008073912,0.0037889929978729238,-0.004977165598680315,1.000000448397318,0,0,0
2023-10-25 20:45:00,11.103,11.103,10.972,10.982,268458.0,-0.012106461194740348,-0.005703436476848026,-0.006403024717892322,1.000059602736667,TRUE,0,0
2023-10-25 21:00:00,10.983,11.023,10.931,10.997,170062.0,-0.019326129338766762,-0.010338483696699551,-0.00898764564206721,1.000026061464455,0,0,0
2023-10-25 21:15:00,10.996,11.044,10.974,11.001,84714.0,-0.024443235385067652,-0.012364471794400353,-0.012078763590667299,1.0000130923014403,0,0,0
2023-10-25 21:30:00,11.002,11.01,10.822,10.852,277630.0,-0.04005984855085565,-0.02238486796815068,-0.017674980582704967,1.0001219318696946,TRUE,0,0
2023-10-25 21:45:00,10.854,10.929,10.824,10.902,118656.0,-0.04784996030694977,-0.024139983779395836,-0.023709976527553932,1.0000303424602537,0,0,0
2023-10-25 22:00:00,10.902,10.931,10.864,10.931,99977.0,-0.05109463521207225,-0.021907726947614652,-0.029186908264457596,1.0000052639437655,0,0,0
2023-10-25 22:15:00,10.932,10.932,10.849,10.882,188020.0,-0.056963316289166954,-0.022221126419767485,-0.03474218986939947,1.0000172205605184,0,0,0
2023-10-25 22:30:00,10.883,10.896,10.85,10.888,98647.0,-0.06043349871379533,-0.020553047075516688,-0.03988045163827864,1.0000060210649035,0,0,0
2023-10-25 22:45:00,10.888,10.908,10.845,10.897,104064.0,-0.061745653049742444,-0.01749216112917104,-0.0442534919205714,1.0000008608741302,0,0,0
2023-10-25 23:00:00,10.896,10.899,10.759,10.839,468411.0,-0.06669682065711235,-0.01795466298923276,-0.04874215766787959,1.0000122569552217,0,0,0
2023-10-25 23:15:00,10.841,10.997,10.831,10.984,529600.0,-0.05824891128217757,-0.007605402891438379,-0.050643508390739195,1.0000356829497672,0,LONG,0
2023-10-25 23:30:00,10.987,11.05,10.957,11.049,203102.0,-0.045781188423957175,0.0038898559734256224,-0.0496710443973828,1.0000777190365104,TRUE,0,0
2023-10-25 23:45:00,11.049,11.065,11.004,11.065,157320.0,-0.034214953268099535,0.012364872903426617,-0.04657982617152615,1.0000668866609277,TRUE,0,0
2023-10-26 00:00:00,11.064,11.087,11.0,11.03,267322.0,-0.02755519691216257,0.015219703407490862,-0.04277490031965343,1.0000221759314742,0,0,0
2023-10-26 00:15:00,11.028,11.084,11.005,11.064,160310.0,-0.01931116903315555,0.018770985029198307,-0.03808215406235386,1.0000339814204664,0,0,0
2023-10-26 00:30:00,11.062,11.074,10.959,10.969,324068.0,-0.020210450107629896,0.014297363163779171,-0.03450781327140907,1.0000004043531436,0,0,0
2023-10-26 00:45:00,10.97,11.07,10.861,11.04,608518.0,-0.015020878868456933,0.015589547522361708,-0.03061042639081864,1.0000134657341602,0,LONG,0
2023-10-26 01:00:00,11.038,11.065,10.949,10.975,206143.0,-0.015968982554364075,0.011713155069163653,-0.02768213762352773,1.0000004494501986,0,0,0
2023-10-26 01:15:00,10.975,11.014,10.942,10.975,116679.0,-0.016529816125324004,0.008921857198562984,-0.025451673323886988,1.0000001572671349,0,0,0
2023-10-26 01:30:00,10.978,11.083,10.963,10.963,222821.0,-0.017738106631059125,0.0061708533542622936,-0.02390895998532142,1.0000007299827067,0,0,0
2023-10-26 01:45:00,10.962,11.068,10.92,11.036,224351.0,-0.012659267493033255,0.008999753993830531,-0.021659021486863786,1.0000128972203257,0,LONG,0
2023-10-26 02:00:00,11.037,11.046,10.968,10.972,112533.0,-0.013641267969017434,0.006414202814277084,-0.02005547078329452,1.0000004821623512,0,0,0
2023-10-26 02:15:00,10.971,11.018,10.956,10.956,89839.0,-0.01553153879243574,0.0036191455926870217,-0.01915068438512276,1.000001786560297,0,0,0
2023-10-26 02:30:00,10.957,11.045,10.952,11.038,100753.0,-0.01029421207240766,0.00708517785017208,-0.01737938992257974,1.0000137147015398,0,LONG,0
2023-10-26 02:45:00,11.037,11.047,10.983,11.012,74524.0,-0.008147654533098958,0.0073853883115846276,-0.015533042844683586,1.000002303851981,0,0,0
2023-10-26 03:00:00,11.013,11.134,10.986,11.092,395610.0,8.738462463853125e-06,0.012433425045717952,-0.012424686583254099,1.000033120428921,0,0,0
2023-10-26 03:15:00,11.089,11.278,11.084,11.271,472881.0,0.020678177550582433,0.026482291307069226,-0.005804113756486792,1.000213590045755,TRUE,0,0
2023-10-26 03:30:00,11.272,11.399,11.143,11.172,712847.0,0.02873909788969975,0.027634569316949232,0.0011045285727505167,1.0000324886905991,0,0,0
2023-10-26 03:45:00,11.173,11.173,11.025,11.116,471948.0,0.030259886213626075,0.023324286112700446,0.006935600100925628,1.0000011563978946,0,0,0
2023-10-26 04:00:00,11.115,11.115,11.042,11.045,173213.0,0.025442727365264872,0.014805701811471395,0.010637025553793478,1.0000116024423769,0,SHORT,0
2023-10-26 04:15:00,11.043,11.149,11.033,11.145,177820.0,0.029355862428626978,0.014975069499866798,0.01438079292876018,1.0000076562837026,0,0,0
2023-10-26 04:30:00,11.145,11.168,11.091,11.161,194125.0,0.03336352252181918,0.015186183674447198,0.01817733884737198,1.0000080306374657,0,0,0
2023-10-26 04:45:00,11.159,11.173,11.105,11.145,136404.0,0.034846862794013944,0.013335619157313572,0.021511243636700372,1.0000011001485765,0,0,0
2023-10-26 05:00:00,11.144,11.188,11.098,11.165,118069.0,0.03720735032585765,0.01255688535132582,0.024650464974531827,1.0000027859468132,0,0,0
2023-10-26 05:15:00,11.162,11.178,11.107,11.125,139687.0,0.03544183656504174,0.008633097272407929,0.02680873929263381,1.0000015585182054,0,SHORT,0
2023-10-26 05:30:00,11.124,11.137,11.067,11.135,157592.0,0.034452424512378954,0.006114948175796112,0.028337476336582842,1.0000004894679853,0,0,0
2023-10-26 05:45:00,11.135,11.149,11.01,11.039,263500.0,0.025626504248755566,-0.002168777670261822,0.027795281919017388,1.0000389476757892,0,0,0
2023-10-26 06:00:00,11.037,11.05,10.892,10.962,506161.0,0.012277119378410362,-0.012414530032485625,0.024691649410895987,1.0000890990688862,TRUE,0,0
2023-10-26 06:15:00,10.963,10.993,10.939,10.958,186164.0,0.0013592010967613533,-0.01866595865130771,0.020025159748069062,1.0000595986938001,TRUE,0,0
2023-10-26 06:30:00,10.959,11.057,10.959,11.046,146275.0,-0.00019026993412296633,-0.016172343745753624,0.015982073811630658,1.000000683199798,0,0,0
2023-10-26 06:45:00,11.049,11.139,11.033,11.103,243366.0,0.0031449339013285282,-0.010269711928241705,0.013414645829570233,1.000004365010053,0,0,0
2023-10-26 07:00:00,11.104,11.27,11.073,11.263,325923.0,0.018485678400313788,0.004056826056594843,0.014428852343718945,1.0001176622986834,TRUE,0,0
2023-10-26 07:15:00,11.263,11.302,11.198,11.234,405852.0,0.027980726900654673,0.01084149964554858,0.017139227255106092,1.000045076957046,TRUE,0,0
2023-10-26 07:30:00,11.234,11.31,11.192,11.231,261225.0,0.03486168254165278,0.014177964229237353,0.02068371831241543,1.0000236734950494,0,0,0
2023-10-26 07:45:00,11.23,11.279,11.216,11.219,148346.0,0.03889819556475338,0.014571581801870355,0.024326613762883025,1.0000081466855086,0,0,0
2023-10-26 08:00:00,11.221,11.349,11.129,11.156,609040.0,0.036591780462456924,0.009812133359659119,0.026779647102797805,1.0000026597717748,0,SHORT,0
2023-10-26 08:15:00,11.156,11.183,11.013,11.016,558320.0,0.02319966856792277,-0.002863982827900031,0.026063651395822802,1.0000896703101156,TRUE,0,0
2023-10-26 08:30:00,11.016,11.047,10.979,11.002,615937.0,0.011326080404765904,-0.011790056792845522,0.023116137197611426,1.0000704885636154,TRUE,0,0
2023-10-26 08:45:00,11.004,11.075,10.961,10.992,339475.0,0.0010966186768825992,-0.017615614816583063,0.018712233493465662,1.000052319574952,TRUE,0,0
2023-10-26 09:00:00,10.993,11.028,10.94,10.969,233499.0,-0.008765171778604142,-0.021981924217655845,0.013216752439051703,1.0000294029210712,0,0,0
2023-10-26 09:15:00,10.967,10.967,10.786,10.815,565791.0,-0.028676658069615613,-0.033514728406933855,0.00483807033731824,1.000198213998764,TRUE,0,0
2023-10-26 09:30:00,10.814,10.918,10.811,10.908,262431.0,-0.036531222450667755,-0.0330954342303888,-0.0034357882202789595,1.0000308466150511,0,0,0
2023-10-26 09:45:00,10.907,10.911,10.845,10.873,138964.0,-0.04506079599764057,-0.033300006221889285,-0.011760789775751282,1.0000363761508344,0,0,0
2023-10-26 10:00:00,10.872,10.876,10.625,10.794,1122947.0,-0.057531991272359306,-0.03661696119728642,-0.020915030075072887,1.0000777623322998,TRUE,0,0
2023-10-26 10:15:00,10.793,10.866,10.737,10.821,297230.0,-0.06449338937907889,-0.0348626874432048,-0.02963070193587409,1.0000242302382478,0,0,0
2023-10-26 10:30:00,10.82,10.865,10.796,10.805,319201.0,-0.0704888620908477,-0.03268652812397889,-0.037802333966868815,1.00001797268501,0,0,0
2023-10-26 10:45:00,10.806,10.899,10.74,10.889,436890.0,-0.06768202319447525,-0.023903751382085142,-0.04377827181239011,1.0000039391645366,0,LONG,0
2023-10-26 11:00:00,10.89,10.944,10.881,10.914,243169.0,-0.0627173257891176,-0.015151243181381988,-0.04756608260773561,1.0000123240342225,0,0,0
2023-10-26 11:15:00,10.913,10.915,10.818,10.843,204974.0,-0.06377669590413326,-0.012968490637118121,-0.05080820526701514,1.0000005611323628,0,0,0
2023-10-26 11:30:00,10.843,10.87,10.72,10.825,416953.0,-0.06531578421756024,-0.011606063160436067,-0.05370972105712417,1.0000011843957168,0,0,0
2023-10-26 11:45:00,10.829,10.88,10.727,10.864,334823.0,-0.06266617210736669,-0.007165160840194015,-0.055501011267172676,1.0000035102160065,0,LONG,0
2023-10-26 12:00:00,10.865,10.988,10.832,10.949,497803.0,-0.053095493991317966,0.0019244138206837708,-0.055019907812001737,1.000045797891077,TRUE,0,0
2023-10-26 12:15:00,10.948,11.078,10.929,11.035,392288.0,-0.038131623740952136,0.013510627256839686,-0.05164225099779182,1.0001119524397606,TRUE,0,0
2023-10-26 12:30:00,11.037,11.209,11.031,11.152,498839.0,-0.0166399120206826,0.028001871181687385,-0.044641783202369986,1.0002309201742703,TRUE,0,0
2023-10-26 12:45:00,11.153,11.174,11.06,11.09,278039.0,-0.004557916661262595,0.03206709323288591,-0.036625009894148505,1.0000729846425536,TRUE,0,0
2023-10-26 13:00:00,11.092,11.146,11.071,11.112,157559.0,0.006714961944110698,0.034671977470607365,-0.027957015526496667,1.00000232641947,0,0,0
2023-10-26 13:15:00,11.112,11.166,11.059,11.077,213123.0,0.012678442766619114,0.03250836663449262,-0.019829923867873512,1.0000177813936713,0,0,0
2023-10-26 13:30:00,11.08,11.106,10.966,11.01,336291.0,0.011861472553297503,0.02535311713693681,-0.013491644583639308,1.000000333720109,0,SHORT,0
2023-10-26 13:45:00,11.011,11.034,10.838,10.853,420937.0,-0.0014379938252684354,0.009642920606696699,-0.011080914431965135,1.0000543229789038,TRUE,0,0
2023-10-26 14:00:00,10.849,10.945,10.815,10.909,345510.0,-0.007374179804768843,0.0029653877017570326,-0.010339567506525876,1.000017618996777,0,0,0
2023-10-26 14:15:00,10.912,10.922,10.743,10.807,554111.0,-0.020077753665578513,-0.007790548927242111,-0.012287204738336402,1.0000806871392112,TRUE,0,0
2023-10-26 14:30:00,10.809,10.839,10.343,10.609,2119817.0,-0.0455967616344104,-0.0266476455168592,-0.0189491161175512,1.0003255568902123,TRUE,0,0
2023-10-26 14:45:00,10.607,10.77,10.595,10.727,433889.0,-0.05565755976800446,-0.029366754920362607,-0.026290804847641853,1.0000506085489298,TRUE,0,0
2023-10-26 15:00:00,10.727,10.76,10.605,10.652,364343.0,-0.06888858326562897,-0.034078222734389686,-0.03481036053123928,1.000087526160983,TRUE,0,0
2023-10-26 15:15:00,10.651,10.655,10.42,10.456,662452.0,-0.09410504232199379,-0.04743574543260361,-0.046669296889390186,1.0003178843784317,TRUE,0,0
2023-10-26 15:30:00,10.456,10.585,10.381,10.429,554948.0,-0.11494295135678811,-0.05461892357391834,-0.06032402778286977,1.0002170856633785,TRUE,0,0
2023-10-26 15:45:00,10.429,10.559,10.402,10.508,355415.0,-0.12365706297827295,-0.05066642815632254,-0.07299063482195041,1.0000379671499235,0,0,0
2023-10-26 16:00:00,10.507,10.58,10.499,10.51,233406.0,-0.12891561694976872,-0.04473998570225464,-0.08417563124751408,1.0000138260993552,0,0,0
2023-10-26 16:15:00,10.509,10.588,10.453,10.512,261086.0,-0.1314068986431085,-0.03778501391647554,-0.09362188472663296,1.0000031032374226,0,0,0
2023-10-26 16:30:00,10.517,10.55,10.449,10.456,268679.0,-0.13632847947244287,-0.03416527579664792,-0.10216320367579494,1.0000121109055928,0,0,0
2023-10-26 16:45:00,10.453,10.488,10.407,10.466,366394.0,-0.13783309716525594,-0.02853591479156878,-0.10929718237368716,1.00000113193656,0,0,0
2023-10-26 17:00:00,10.46,10.568,10.424,10.537,259832.0,-0.1317773634811008,-0.01798414488593092,-0.11379321859516989,1.0000183357871262,0,LONG,0
2023-10-26 17:15:00,10.538,10.553,10.486,10.533,216938.0,-0.12585019477151071,-0.009645580941072651,-0.11620461383043806,1.0000175655101824,0,0,0
2023-10-26 17:30:00,10.533,10.539,10.396,10.478,214838.0,-0.1241596757566299,-0.006364049540953459,-0.11779562621567644,1.0000014289262489,0,0,0
2023-10-26 17:45:00,10.477,10.5,10.451,10.482,108739.0,-0.12110118164802763,-0.0026444443458809447,-0.11845673730214669,1.0000046771821682,0,0,0
2023-10-26 18:00:00,10.481,10.556,10.473,10.539,164377.0,-0.11277784658689605,0.004543112572200525,-0.11732095915909657,1.0000346383533623,0,0,0
2023-10-26 18:15:00,10.539,10.546,10.451,10.466,136085.0,-0.11079485932718391,0.005220879865530131,-0.11601573919271405,1.0000019661173032,0,0,0
2023-10-26 18:30:00,10.466,10.544,10.457,10.512,195940.0,-0.10430910168122942,0.009365310009187708,-0.11367441169041713,1.000021032304942,0,0,0
2023-10-26 18:45:00,10.514,10.556,10.501,10.522,90309.0,-0.09724123911894367,0.013146538057178775,-0.11038777717612244,1.0000249770286738,0,0,0
2023-10-26 19:00:00,10.521,10.598,10.503,10.571,158466.0,-0.08668674578246538,0.018960825114925667,-0.10564757089739105,1.0000556971137107,TRUE,0,0
2023-10-26 19:15:00,10.571,10.608,10.548,10.569,116734.0,-0.07758921686320264,0.022446683227350744,-0.10003590009055338,1.0000413816599976,TRUE,0,0
2023-10-26 19:30:00,10.57,10.66,10.546,10.634,110731.0,-0.06439213048072112,0.028515015687865825,-0.09290714616858695,1.0000870777532258,TRUE,0,0
2023-10-26 19:45:00,10.634,10.713,10.628,10.704,194390.0,-0.04773467385079222,0.03613797785423578,-0.083872651705028,1.0001387258082641,TRUE,0,0
2023-10-26 20:00:00,10.702,10.771,10.682,10.765,181684.0,-0.0292738782136599,0.04367901879309449,-0.07295289700675439,1.0001703859720883,TRUE,0,0
2023-10-26 20:15:00,10.764,10.816,10.704,10.797,176072.0,-0.011923979885835934,0.04882313369673477,-0.060747113582570705,1.0001504981611447,TRUE,0,0
2023-10-26 20:30:00,10.797,10.811,10.73,10.763,110876.0,-0.0009071196018055616,0.04787199518461212,-0.04877911478641768,1.0000606837639994,TRUE,0,0
2023-10-26 20:45:00,10.763,10.767,10.708,10.742,80492.0,0.006059447510775584,0.04387084983775461,-0.03781140232697903,1.0000132731533524,0,0,0
2023-10-26 21:00:00,10.742,10.79,10.695,10.759,150640.0,0.012804655960678701,0.040492846630126186,-0.027688190669447485,1.0000227486597655,0,0,0
2023-10-26 21:15:00,10.757,10.767,10.717,10.722,49166.0,0.014991874478857525,0.03414405211864401,-0.019152177639786487,1.0000023919595624,0,0,0
2023-10-26 21:30:00,10.725,10.725,10.654,10.702,83323.0,0.014939218053171999,0.02727311655436679,-0.012333898501194792,1.0000000013863495,0,SHORT,0
2023-10-26 21:45:00,10.704,10.747,10.692,10.717,44537.0,0.01592429671620188,0.02260655617391734,-0.006682259457715458,1.0000004851898685,0,0,0
2023-10-26 22:00:00,10.718,10.956,10.718,10.883,339719.0,0.02975677376881869,0.02915122658122732,0.0006055471875913709,1.0000956641348921,TRUE,0,0
2023-10-26 22:15:00,10.881,11.0,10.825,10.983,368482.0,0.0482322840092575,0.0381013894573329,0.010130894551924596,1.0001706576773008,TRUE,0,0
2023-10-26 22:30:00,10.987,11.078,10.982,11.02,365287.0,0.06510931016334354,0.04398273248913515,0.021126577674208384,1.0001424068660452,TRUE,0,0
2023-10-26 22:45:00,11.019,11.075,10.97,11.039,210955.0,0.07910573452721792,0.046383325482407624,0.032722409044810295,1.0000979451508605,TRUE,0,0
2023-10-26 23:00:00,11.038,11.133,10.983,11.127,496603.0,0.09619004723934488,0.050774110555627666,0.04541593668371721,1.0001459262231915,TRUE,0,0
2023-10-26 23:15:00,11.126,11.149,11.015,11.034,271141.0,0.10106020623329925,0.04451541563966563,0.056544790593633626,1.0000118591539935,0,0,0
2023-10-26 23:30:00,11.034,11.038,10.889,10.9,361658.0,0.09303471591536194,0.029191940257382656,0.06384277565797929,1.0000322037288816,0,SHORT,0
2023-10-26 23:45:00,10.9,10.968,10.88,10.926,225301.0,0.0877607879920177,0.019134409867230723,0.06862637812478697,1.000013907061167,0,0,0
2023-10-27 00:00:00,10.928,10.954,10.845,10.892,254127.0,0.07991641952794915,0.009032033122529731,0.07088438640541941,1.0000307665850088,0,0,0
2023-10-27 00:15:00,10.893,10.958,10.849,10.947,148965.0,0.07724728275948678,0.005090317083253887,0.07215696567623289,1.0000035621392,0,0,0
2023-10-27 00:30:00,10.948,10.955,10.817,10.841,241365.0,0.06581992736813191,-0.005069630646480777,0.07088955801461269,1.000065290094222,TRUE,0,0
2023-10-27 00:45:00,10.844,10.886,10.784,10.867,220819.0,0.05819086058153822,-0.010158957946459587,0.0683498185279978,1.0000291009065858,0,0,0
2023-10-27 01:00:00,10.866,10.886,10.746,10.836,307132.0,0.04907759332045458,-0.015417780166034581,0.06449537348648916,1.0000415249579249,TRUE,0,0
2023-10-27 01:15:00,10.835,10.835,10.738,10.756,258868.0,0.03499651391851799,-0.023599087654376946,0.05859560157289494,1.000099133484838,TRUE,0,0
2023-10-27 01:30:00,10.756,10.84,10.752,10.835,118646.0,0.029867502832459536,-0.022982478992348322,0.05284998182480786,1.0000131532908558,0,0,0
2023-10-27 01:45:00,10.837,10.841,10.6,10.681,456647.0,0.013223776165803613,-0.031700964527203404,0.04492474069300702,1.0001384972279361,TRUE,0,0
2023-10-27 02:00:00,10.682,10.757,10.625,10.75,250785.0,0.005537394576078825,-0.03150987689354256,0.03704727146962138,1.0000295397946717,0,0,0
2023-10-27 02:15:00,10.747,10.912,10.747,10.882,320429.0,0.009982111056196175,-0.021652128330740164,0.03163423938693634,1.0000098777035098,0,0,0
2023-10-27 02:30:00,10.878,10.956,10.864,10.905,421879.0,0.01518544036618863,-0.013159039216598167,0.028344479582786797,1.000013537226326,0,0,0
2023-10-27 02:45:00,10.904,10.94,10.812,10.841,325896.0,0.013983656317140714,-0.01148865861251687,0.025472314929657583,1.0000007221421896,0,SHORT,0
2023-10-27 03:00:00,10.841,10.916,10.812,10.881,239915.0,0.016073612901877254,-0.007518961622224266,0.02359257452410152,1.0000021839568782,0,0,0
2023-10-27 03:15:00,10.881,10.999,10.873,10.906,386563.0,0.019522170193031485,-0.0032563234648560306,0.022778493657887516,1.0000059462560162,0,0,0
2023-10-27 03:30:00,10.907,10.987,10.902,10.943,204791.0,0.02495312339615019,0.0017397037906101386,0.02321341960554005,1.0000147475176027,0,0,0
2023-10-27 03:45:00,10.946,11.049,10.921,11.049,322164.0,0.037379618089238065,0.011332958786958412,0.026046659302279652,1.0000772059048029,TRUE,0,0
2023-10-27 04:00:00,11.049,11.373,11.038,11.188,1756802.0,0.05777781628935763,0.025384925589662377,0.032392890699695254,1.0002080216084108,TRUE,0,0
2023-10-27 04:15:00,11.187,11.187,10.953,11.024,957031.0,0.06001825287019891,0.02210028973640292,0.03791796313379599,1.0000025097748868,0,0,0
2023-10-27 04:30:00,11.023,11.048,10.862,10.923,478567.0,0.053032631925043816,0.012091735032998263,0.04094089689204555,1.0000243991523354,0,SHORT,0
2023-10-27 04:45:00,10.923,11.058,10.921,10.999,481389.0,0.0530178846668754,0.009661590219863875,0.04335629444701153,1.0000000001087408,0,0,0
2023-10-27 05:00:00,11.0,11.013,10.94,10.971,234680.0,0.05016851989575066,0.005449780358991303,0.04471873953675936,1.00000405943156,0,0,0
2023-10-27 05:15:00,10.972,10.989,10.742,10.784,765774.0,0.032447011657454894,-0.009817382303443575,0.04226439396089847,1.0001570136004847,TRUE,0,0
2023-10-27 05:30:00,10.786,10.885,10.779,10.881,182816.0,0.02593076432935959,-0.0130669037052311,0.03899766803459069,1.000021230514253,0,0,0
2023-10-27 05:45:00,10.879,10.879,10.777,10.851,255003.0,0.01813677266969016,-0.016688716291920425,0.034825488961610584,1.0000303726917452,0,0,0
2023-10-27 06:00:00,10.85,10.9,10.803,10.897,210494.0,0.01549319774921365,-0.015465832969917551,0.0309590307191312,1.0000034942380753,0,0,0
2023-10-27 06:15:00,10.897,10.907,10.81,10.843,217368.0,0.008937767851412204,-0.017617010294175197,0.0265547781455874,1.0000214865997354,0,0,0
2023-10-27 06:30:00,10.841,10.857,10.785,10.852,201173.0,0.004417841089871644,-0.017709549644572605,0.02212739073444425,1.0000102148167935,0,0,0
2023-10-27 06:45:00,10.853,10.935,10.83,10.926,160702.0,0.0067293760648503564,-0.012318411735675116,0.019047787800525472,1.0000026715934016,0,0,0
2023-10-27 07:00:00,10.926,10.926,10.872,10.876,170435.0,0.004475115705474764,-0.011658137676040566,0.01613325338151533,1.000002540841656,0,SHORT,0
2023-10-27 07:15:00,10.875,10.915,10.78,10.782,121510.0,-0.004840616663898345,-0.01677909603633094,0.011938479372432595,1.000000066795473,0,0,0
2023-10-27 07:30:00,10.782,10.812,10.7,10.738,333055.0,-0.015594075167950194,-0.02202604363230623,0.006431968464356038,1.0000578167635101,TRUE,0,0
2023-10-27 07:45:00,10.737,10.769,10.695,10.724,192452.0,-0.024958248352970003,-0.025112173453860832,0.00015392510089082961,1.0000438429086191,TRUE,0,0
2023-10-27 08:00:00,10.724,10.794,10.715,10.775,205712.0,-0.027942050724675482,-0.022476780660453048,-0.005465270064222433,1.0000044515283886,0,0,0
2023-10-27 08:15:00,10.772,10.797,10.747,10.756,96354.0,-0.03147702921276796,-0.02080940731883642,-0.010667621893931539,1.0000062480169367,0,0,0
2023-10-27 08:30:00,10.755,10.833,10.74,10.798,118420.0,-0.030537459319248228,-0.01589586994025335,-0.014641589378994877,1.0000004413956949,0,LONG,0
2023-10-27 08:45:00,10.8,10.832,10.769,10.794,100072.0,-0.029772412145474547,-0.012104658213183735,-0.017667753932290812,1.0000002926485463,0,0,0
2023-10-27 09:00:00,10.793,10.849,10.774,10.842,124931.0,-0.02500466963445014,-0.00586953256172746,-0.01913513707272268,1.0000113656197371,0,0,0
2023-10-27 09:15:00,10.843,10.895,10.839,10.861,130587.0,-0.01946863581943603,-0.0002667989973706812,-0.01920183682206535,1.0000153237177924,0,0,0
2023-10-27 09:30:00,10.86,10.92,10.822,10.887,191389.0,-0.012835348519132594,0.005093190642346205,-0.0179285391614788,1.000022000008204,0,0,0
2023-10-27 09:45:00,10.888,11.018,10.886,11.012,240043.0,0.0024794531949972054,0.016326393885180805,-0.0138469406901836,1.0000536208463846,TRUE,0,0
2023-10-27 10:00:00,11.011,11.095,10.981,11.049,643269.0,0.01740154054145293,0.024998784985309226,-0.007597244443856295,1.0001113281484093,TRUE,0,0
2023-10-27 10:15:00,11.048,11.109,11.004,11.022,250047.0,0.02674048030814724,0.02747017980160283,-0.0007296994934555883,1.0000436069472,TRUE,0,0
2023-10-27 10:30:00,11.021,11.025,10.954,10.99,203686.0,0.03119987208765629,0.0255436572648895,0.0056562148227667875,1.0000099430380895,0,0,0
2023-10-27 10:45:00,10.992,11.128,10.992,11.046,316286.0,0.03880537992530719,0.026519332082032325,0.012286047843274868,1.000028921456509,0,0,0
2023-10-27 11:00:00,11.047,11.099,10.979,10.986,160387.0,0.039535559798958175,0.021799609564546643,0.017735950234411532,1.0000002665812884,0,0,0
2023-10-27 11:15:00,10.987,11.007,10.875,10.936,453194.0,0.03566848636892672,0.014346028907612149,0.021322457461314573,1.0000074771005032,0,SHORT,0
2023-10-27 11:30:00,10.936,10.947,10.852,10.875,189715.0,0.02736615264033837,0.004834956143219035,0.022531196497119335,1.0000344637787943,0,0,0
2023-10-27 11:45:00,10.875,10.965,10.873,10.942,190921.0,0.0258943395750304,0.0026905144623288503,0.02320382511270155,1.0000010831162631,0,0,0
2023-10-27 12:00:00,10.937,11.212,10.936,11.162,1090756.0,0.04199597504152841,0.015033719943061484,0.026962255098466927,1.000129622931296,TRUE,0,0
2023-10-27 12:15:00,11.162,11.28,11.074,11.092,685254.0,0.04854858430967646,0.01726906336896762,0.031279520940708835,1.0000214681136705,0,0,0
2023-10-27 12:30:00,11.093,11.313,11.064,11.295,1104305.0,0.06932286696352996,0.0304346768182569,0.03888819014527306,1.000215762133242,TRUE,0,0
2023-10-27 12:45:00,11.294,11.449,11.169,11.197,1226702.0,0.07699134634231974,0.03048252495763734,0.0465088213846824,1.0000294023557421,0,0,0
2023-10-27 13:00:00,11.197,11.205,11.117,11.175,354290.0,0.08036703421638869,0.027086570265365026,0.05328046395102366,1.0000056976180802,0,0,0
2023-10-27 13:15:00,11.176,11.208,11.112,11.149,330415.0,0.08002186620642782,0.021393121804323317,0.0586287444021045,1.0000000595704759,0,SHORT,0
2023-10-27 13:30:00,11.147,11.191,11.051,11.101,377375.0,0.07501044550111402,0.013105360879207613,0.06190508462190641,1.0000125570899026,0,0,0
2023-10-27 13:45:00,11.101,11.143,11.053,11.096,256112.0,0.06983043844707915,0.006340283060138188,0.06349015538694096,1.0000134161465435,0,0,0
2023-10-27 14:00:00,11.095,11.095,10.984,11.032,545833.0,0.05987082678426603,-0.002895462882139946,0.06276628966640597,1.0000495957023703,TRUE,0,0
2023-10-27 14:15:00,11.03,11.045,10.89,10.892,419488.0,0.04021733244121606,-0.01803916578015194,0.058256498221368,1.0001931112739642,TRUE,0,0
2023-10-27 14:30:00,10.894,10.981,10.8,10.945,754734.0,0.028588898611861424,-0.023734079687605263,0.05232297829946669,1.0000676079512443,TRUE,0,0
2023-10-27 14:45:00,10.944,10.956,10.893,10.913,213800.0,0.016599796339724193,-0.028578545567793996,0.04517834190751819,1.0000718667042343,TRUE,0,0
2023-10-27 15:00:00,10.91,10.936,10.818,10.907,274149.0,0.006538821097000991,-0.030911616648413756,0.03745043774541475,1.0000506103307145,TRUE,0,0
2023-10-27 15:15:00,10.906,10.939,10.868,10.928,309212.0,0.00025698783164962435,-0.0297547599310121,0.030011747762661724,1.00001973051994,0,0,0
2023-10-27 15:30:00,10.926,11.104,10.921,11.094,462251.0,0.008574560198324477,-0.0171497500514698,0.025724310249794276,1.0000345904067893,0,0,0
2023-10-27 15:45:00,11.095,11.166,11.032,11.06,766483.0,0.012281210226932515,-0.010754480018289412,0.023035690245221927,1.0000068696036215,0,0,0
2023-10-27 16:00:00,11.061,11.183,10.97,11.13,869790.0,0.020629369534511,-0.0019250565685687455,0.022554426103079745,1.0000348452748158,0,0,0
2023-10-27 16:15:00,11.13,11.143,11.003,11.043,382485.0,0.019994686718115773,-0.002047791507971179,0.022042478226086952,1.0000002014111185,0,SHORT,0
2023-10-27 16:30:00,11.044,11.045,10.937,10.947,183509.0,0.01161144876546416,-0.008344823568498236,0.019956272333962397,1.0000351387219204,0,0,0
2023-10-27 16:45:00,10.947,10.97,10.838,10.942,529029.0,0.0045122002411321915,-0.012355257674264163,0.016867457915396355,1.0000251993473015,0,0,0
2023-10-27 17:00:00,10.941,11.103,10.689,11.094,1297036.0,0.011024045981427477,-0.004674729547175103,0.01569877552860258,1.0000212018427137,0,0,0
2023-10-27 17:15:00,11.096,11.397,11.06,11.25,2268519.0,0.028444733715488724,0.010196766549508914,0.01824796716597981,1.0001517286697692,TRUE,0,0
2023-10-27 17:30:00,11.249,11.366,11.152,11.191,1092235.0,0.03706271147048845,0.015051795443606911,0.02201091602688154,1.000037134080823,0,0,0
2023-10-27 17:45:00,11.193,11.298,11.165,11.165,554372.0,0.04131824718770538,0.01544586492865907,0.02587238225904631,1.000009054751126,0,0,0
2023-10-27 18:00:00,11.164,11.256,11.131,11.183,671731.0,0.04561739058794423,0.015796006663118332,0.029821383924825896,1.0000092412742874,0,0,0
2023-10-27 18:15:00,11.183,11.226,10.862,10.869,1165924.0,0.023417375980288924,-0.0051232063556295795,0.028540582335918503,1.0002463899702814,TRUE,SHORT,SHORT
2023-10-27 18:30:00,10.868,11.158,10.842,11.11,877905.0,0.0249824086839201,-0.0028465389215987236,0.027828947605518822,1.0000012246629317,0,0,0
2023-10-27 18:45:00,11.111,11.127,10.944,10.97,498272.0,0.014755782925409022,-0.010458531744087844,0.025214314669496866,1.0000522905700504,TRUE,SHORT,SHORT
2023-10-27 19:00:00,10.967,11.051,10.929,10.994,252096.0,0.008489842141100823,-0.013379578022716835,0.021869420163817658,1.0000196308142717,0,0,0
2023-10-27 19:15:00,10.993,11.024,10.955,10.974,164437.0,0.0018884373426697465,-0.01598478625691833,0.017873223599588078,1.0000217890352754,0,0,0
2023-10-27 19:30:00,10.974,11.089,10.974,11.06,166006.0,0.00355527475310069,-0.01145435907718991,0.0150096338302906,1.0000013891725115,0,0,0
2023-10-27 19:45:00,11.059,11.118,11.054,11.113,129224.0,0.009048605775483054,-0.004768822443846037,0.013817428219329091,1.0000150882290333,0,0,0
2023-10-27 20:00:00,11.11,11.225,11.078,11.216,220161.0,0.021465903804124054,0.006118780467835969,0.015347123336288085,1.000077091673603,TRUE,0,0
2023-10-27 20:15:00,11.215,11.264,11.183,11.183,162630.0,0.028317451788909764,0.01037626276209734,0.017941189026812424,1.0000234715794365,0,0,0
2023-10-27 20:30:00,11.182,11.262,11.17,11.208,139477.0,0.03535706970532182,0.013932704542807518,0.0214243651625143,1.0000247778032347,0,0,0
2023-10-27 20:45:00,11.208,11.284,11.162,11.278,182404.0,0.04605355588250504,0.019703352575992587,0.02635020330651245,1.0000572057720192,TRUE,0,0
2023-10-27 21:00:00,11.278,11.286,11.198,11.206,271441.0,0.04816557717935943,0.017452299098277585,0.030713278081081846,1.000002230314492,0,0,0
2023-10-27 21:15:00,11.205,11.235,11.146,11.227,108310.0,0.050946612928413515,0.01618666787786533,0.034759945050548184,1.0000038670724416,0,0,0
2023-10-27 21:30:00,11.228,11.296,11.228,11.259,124654.0,0.055097605461963184,0.016270128329131994,0.03882747713283119,1.0000086153323948,0,0,0
2023-10-27 21:45:00,11.256,11.285,11.231,11.235,63925.0,0.055807384735119925,0.01358392608183099,0.042223458653288935,1.0000002518932767,0,0,0
2023-10-27 22:00:00,11.235,11.278,11.201,11.268,80917.0,0.05835997664730641,0.012909214395213982,0.04545076225209243,1.0000032578574283,0,0,0
2023-10-27 22:15:00,11.269,11.277,11.178,11.194,128493.0,0.053791665733523786,0.00667272278514508,0.047118942948378706,1.000010434677861,0,SHORT,0
2023-10-27 22:30:00,11.194,11.238,11.119,11.124,266409.0,0.044015448741431484,-0.0024827953655577745,0.04649824410698926,1.0000477860675843,TRUE,0,0
2023-10-27 22:45:00,11.124,11.157,11.088,11.109,188700.0,0.03465783772208475,-0.009472325107923604,0.044130162830008354,1.0000437814835854,TRUE,0,0
2023-10-27 23:00:00,11.11,11.155,11.099,11.147,88109.0,0.0299627540149352,-0.011333927052058532,0.04129668106699373,1.000011021844768,0,0,0
2023-10-27 23:15:00,11.148,11.157,11.112,11.121,79186.0,0.023868739668708727,-0.013942353118628008,0.037811092787336735,1.0000185683330345,0,0,0
2023-10-27 23:30:00,11.12,11.234,11.09,11.227,217979.0,0.027278059030855673,-0.008426427005184853,0.035704486036040525,1.0000058117123685,0,0,0
2023-10-27 23:45:00,11.227,11.267,11.177,11.182,184713.0,0.02604857352791079,-0.00772473000650379,0.03377330353441458,1.0000007558170154,0,SHORT,0
2023-10-28 00:00:00,11.183,11.189,11.12,11.147,181243.0,0.021996428777420363,-0.009421499805595375,0.03141792858301574,1.0000082099048382,0,0,0
2023-10-28 00:15:00,11.146,11.26,11.085,11.249,215302.0,0.02670775207800702,-0.003768141204006977,0.030475893282013996,1.000011098222036,0,0,0
2023-10-28 00:30:00,11.251,11.271,11.144,11.149,176409.0,0.022117389967892365,-0.006686802651297306,0.02880419261918967,1.000010535656651,0,SHORT,0
2023-10-28 00:45:00,11.146,11.159,11.097,11.111,100834.0,0.01523756335776838,-0.010853303409137035,0.026090866766905415,1.0000236657270594,0,0,0
2023-10-28 01:00:00,11.11,11.135,11.09,11.115,125914.0,0.009992826687639678,-0.012878432063412593,0.02287125875105227,1.0000137535367897,0,0,0
2023-10-28 01:15:00,11.116,11.169,11.026,11.058,234076.0,0.0012228156020679393,-0.017318754519187466,0.018541570121255405,1.000038455807796,0,0,0
2023-10-28 01:30:00,11.058,11.121,11.048,11.096,72339.0,-0.0026308718934906494,-0.016937953611796844,0.014307081718306195,1.0000009913107686,0,0,0
2023-10-28 01:45:00,11.096,11.229,11.088,11.215,156634.0,0.0038727162156160233,-0.008347492402152138,0.012220208617768161,1.000000771088363,0,0,0
2023-10-28 02:00:00,11.218,11.223,11.143,11.156,121656.0,0.004217433780119961,-0.006402219870118561,0.010619653650238522,1.000000059415098,0,0,0
2023-10-28 02:15:00,11.155,11.158,11.129,11.135,73608.0,0.0027642360454134263,-0.006284334083860078,0.009048570129273504,1.0000010558912706,0,SHORT,0
2023-10-28 02:30:00,11.134,11.16,11.106,11.138,106162.0,0.001833505785512557,-0.005772051475008757,0.007605557260521314,1.0000004331293146,0,0,0
2023-10-28 02:45:00,11.137,11.279,11.115,11.242,326768.0,0.009379702809400925,0.0014193164391036878,0.007960386370297237,1.0000284721394304,0,0,0
2023-10-28 03:00:00,11.245,11.328,11.232,11.311,485021.0,0.0206893477391219,0.01018316909505973,0.01050617864406217,1.0000639519892898,TRUE,0,0
2023-10-28 03:15:00,11.31,11.32,11.24,11.263,138643.0,0.025485344789595743,0.011983332916426857,0.013502011873168886,1.0000115007277206,0,0,0
2023-10-28 03:30:00,11.265,11.588,11.265,11.47,984308.0,0.045465281569429195,0.025570615757008246,0.01989466581242095,1.0001995790209703,TRUE,0,0
2023-10-28 03:45:00,11.47,11.485,11.333,11.395,613206.0,0.05461804934201453,0.027778706823674865,0.026839342518339665,1.0000418857017435,TRUE,0,0
2023-10-28 04:00:00,11.394,11.417,11.291,11.329,329720.0,0.05590163606592391,0.02324983483806739,0.03265180122785652,1.0000008237970996,0,0,0
2023-10-28 04:15:00,11.33,11.372,11.284,11.369,160078.0,0.05946112268931891,0.02144745716916991,0.038013665520149,1.0000063349524453,0,0,0
2023-10-28 04:30:00,11.369,11.556,11.363,11.458,710539.0,0.0686719897282817,0.024526659366506158,0.044145330361775544,1.000042419136113,TRUE,0,0
2023-10-28 04:45:00,11.457,11.504,11.431,11.486,243690.0,0.07733951245421267,0.026555345673949696,0.05078416678026297,1.0000375622696402,0,0,0
2023-10-28 05:00:00,11.486,11.644,11.475,11.562,506152.0,0.0893116227100954,0.03082196474386595,0.05848965796622946,1.0000716631441864,TRUE,0,0
2023-10-28 05:15:00,11.56,11.684,11.507,11.511,729318.0,0.09360530883410512,0.02809252069430053,0.06551278813980459,1.0000092178277815,0,0,0
2023-10-28 05:30:00,11.511,11.541,11.469,11.475,304072.0,0.09303078589611502,0.022014398205048344,0.07101638769106668,1.0000001650382895,0,SHORT,0
2023-10-28 05:45:00,11.477,11.493,11.433,11.437,147211.0,0.08848914215955794,0.013978203574793013,0.07451093858476493,1.0000103132107336,0,0,0
2023-10-28 06:00:00,11.437,11.55,11.388,11.515,485527.0,0.09014467322454145,0.01250698771182121,0.07763768551272024,1.0000013703906145,0,0,0
2023-10-28 06:15:00,11.515,11.565,11.483,11.512,197400.0,0.09017513576007374,0.010029960197882798,0.08014517556219095,1.000000000463983,0,0,0
2023-10-28 06:30:00,11.512,11.516,11.415,11.436,320555.0,0.08310868748152878,0.002370809535470253,0.08073787794605852,1.0000249670339603,0,SHORT,0
2023-10-28 06:45:00,11.436,11.436,11.349,11.361,349398.0,0.0706422828475528,-0.008076476078804573,0.07871875892635738,1.0000777026034016,TRUE,0,0
2023-10-28 07:00:00,11.361,11.385,11.283,11.303,348485.0,0.05544333582267136,-0.01862033848294882,0.07406367430562018,1.0001154973255164,TRUE,0,0
2023-10-28 07:15:00,11.303,11.375,11.294,11.357,223786.0,0.04721118831517046,-0.02148198879235977,0.06869317710753023,1.000033883552245,0,0,0
2023-10-28 07:30:00,11.356,11.368,11.292,11.302,165620.0,0.03583601646951884,-0.026285728510409112,0.06212174497992795,1.0000646951745262,TRUE,0,0
2023-10-28 07:45:00,11.303,11.364,11.291,11.295,142218.0,0.025957052585097173,-0.028931753915864625,0.0548888065009618,1.0000487957732012,TRUE,0,0
2023-10-28 08:00:00,11.297,11.36,11.256,11.35,352928.0,0.022308781136217704,-0.026064020291795276,0.04837280142801298,1.0000066549201383,0,0,0
2023-10-28 08:15:00,11.35,11.412,11.307,11.326,477862.0,0.017281687765885678,-0.024872890929701838,0.042154578695587516,1.000012635754046,0,0,0
2023-10-28 08:30:00,11.33,11.492,11.326,11.475,282270.0,0.025032179424275824,-0.013697919417049356,0.03873009884132518,1.0000300346094344,0,0,0
2023-10-28 08:45:00,11.475,11.506,11.427,11.461,422408.0,0.0297024258298606,-0.007222138409171665,0.036924564239032266,1.0000109055412791,0,0,0
2023-10-28 09:00:00,11.458,11.567,11.456,11.548,472742.0,0.03996313254842576,0.002430854647514795,0.03753227790091097,1.000052639665715,TRUE,0,0
2023-10-28 09:15:00,11.547,11.589,11.507,11.546,311601.0,0.047387183310281245,0.007883924327496225,0.03950325898278502,1.0000275578851388,0,0,0
2023-10-28 09:30:00,11.545,11.572,11.484,11.57,189228.0,0.05457825233099278,0.012059994678566208,0.042518257652426575,1.0000258554025794,0,0,0
2023-10-28 09:45:00,11.569,11.596,11.488,11.507,467243.0,0.054564665354844166,0.009637126161934073,0.04492753919291009,1.0000000000923028,0,SHORT,0
2023-10-28 10:00:00,11.507,11.593,11.475,11.566,310829.0,0.058638753446407677,0.010968971402798067,0.04766978204360961,1.0000082990624517,0,0,0
2023-10-28 10:15:00,11.566,11.595,11.532,11.533,233453.0,0.05852997627089529,0.008688155381828544,0.049841820889066746,1.0000000059162368,0,SHORT,0
2023-10-28 10:30:00,11.533,11.549,11.45,11.471,194123.0,0.052831874765624676,0.002392043101246341,0.050439831664378335,1.00001623404861,0,0,0
2023-10-28 10:45:00,11.469,11.499,11.456,11.496,104618.0,0.049759779571861174,-0.0005440416740137358,0.05030382124587491,1.0000047188733059,0,0,0
2023-10-28 11:00:00,11.493,11.6,11.477,11.593,281337.0,0.054523696105842845,0.0033758998879743485,0.051147796217868496,1.0000113473859897,0,0,0
2023-10-28 11:15:00,11.593,11.594,11.453,11.485,521398.0,0.04901937206715701,-0.001702739320569198,0.050722111387726206,1.0000151486768203,0,SHORT,0
2023-10-28 11:30:00,11.485,11.531,11.351,11.365,531938.0,0.0345755925830904,-0.01291721504370865,0.04749280762679905,1.0001043059430272,TRUE,0,0
2023-10-28 11:45:00,11.366,11.387,11.303,11.341,385313.0,0.02095068737382988,-0.021233696202375335,0.042184383576205214,1.0000928147136952,TRUE,0,0
2023-10-28 12:00:00,11.34,11.383,11.31,11.32,326795.0,0.008361936142939896,-0.027057957946612254,0.03541989408955215,1.000079235189669,TRUE,0,0
2023-10-28 12:15:00,11.32,11.348,11.148,11.179,752114.0,-0.012844201558102952,-0.038611276518124085,0.025767074960021133,1.000010045301172,0,0,0
2023-10-28 12:30:00,11.18,11.235,11.161,11.218,303255.0,-0.026201213129482426,-0.04157463047160285,0.015373417342120423,1.0000892009006586,TRUE,0,0
2023-10-28 12:45:00,11.22,11.231,11.06,11.163,674095.0,-0.040754983299315484,-0.044902720513148725,0.004147737213833241,1.0001059005056196,TRUE,0,0
2023-10-28 13:00:00,11.163,11.225,11.114,11.199,257414.0,-0.04882127065973485,-0.042375206298854474,-0.006446064360880377,1.000032531966726,0,0,0
2023-10-28 13:15:00,11.2,11.239,11.177,11.235,160488.0,-0.05171284884058025,-0.036213427583759894,-0.015499421256820353,1.0000041806034492,0,0,0
2023-10-28 13:30:00,11.234,11.234,11.228,11.232,1146.0,-0.053628326345908306,-0.03050312407127036,-0.023125202274637945,1.000001834525354,0,0,0
